{
  "r2332_end": {
    "x": -9157367.323945574,
    "y": 3270331.6153270425
  },
  "r2322_end": {
    "x": -9157107.493717473,
    "y": 3270628.373832753
  },
  "r298_end": {
    "x": -9167569.808525076,
    "y": 3270584.834308165
  },
  "r606_end": {
    "x": -9171572.417136654,
    "y": 3248495.556420065
  },
  "r2082_end": {
    "x": -9178804.798666406,
    "y": 3260571.047615054
  },
  "r1653_end": {
    "x": -9179555.887528354,
    "y": 3270653.554379339
  },
  "r1224_end": {
    "x": -9180984.668654915,
    "y": 3270671.524633804
  },
  "r2291_end": {
    "x": -9188099.642285641,
    "y": 3269427.845205805
  },
  "r2355_end": {
    "x": -9194080.678314531,
    "y": 3270816.165613247
  },
  "r1654_end": {
    "x": -9200259.809630414,
    "y": 3267051.7308230055
  },
  "r1780_end": {
    "x": -9139072.334928773,
    "y": 3253631.711081676
  },
  "r2261_end": {
    "x": -9196116.886233093,
    "y": 3245395.177567627
  },
  "r646_end": {
    "x": -9193573.307026958,
    "y": 3239928.5642497838
  },
  "r2260_end": {
    "x": -9187225.655433454,
    "y": 3235547.3280410366
  },
  "r1789_end": {
    "x": -9145571.823164647,
    "y": 3270641.702753923
  },
  "r2430_end": {
    "x": -9184567.152601933,
    "y": 3232339.852923457
  },
  "r192_end": {
    "x": -9186514.343246257,
    "y": 3204431.747611034
  },
  "r54_end": {
    "x": -9186648.010050777,
    "y": 3204332.5561506776
  },
  "r1802_end": {
    "x": -9175489.996138195,
    "y": 3208554.0560712833
  },
  "r473_end": {
    "x": -9171049.953423439,
    "y": 3204456.202092835
  },
  "r1412_end": {
    "x": -9144465.959126517,
    "y": 3211766.5536804246
  },
  "r122_end": {
    "x": -9134251.212868344,
    "y": 3211799.8944857544
  },
  "r1064_end": {
    "x": -9134768.13312279,
    "y": 3211800.9191357396
  },
  "r989_end": {
    "x": -9134349.058191476,
    "y": 3239795.7538639135
  }
}