{
  "r2322_end": {
    "x": -9157107.493717473,
    "y": 3270628.373832753
  },
  "r298_end": {
    "x": -9167569.808525076,
    "y": 3270584.834308165
  },
  "r1606_end": {
    "x": -9134879.135273397,
    "y": 3252319.3566577076
  },
  "r1654_end": {
    "x": -9200259.809630414,
    "y": 3267051.7308230055
  },
  "r1653_end": {
    "x": -9179555.887528354,
    "y": 3270653.554379339
  },
  "r2232_end": {
    "x": -9151830.822325261,
    "y": 3270602.7243547332
  },
  "r1224_end": {
    "x": -9180984.668654915,
    "y": 3270671.524633804
  },
  "r2290_end": {
    "x": -9187834.549331822,
    "y": 3270757.0753494445
  },
  "r2355_end": {
    "x": -9194080.678314531,
    "y": 3270816.165613247
  },
  "r1789_end": {
    "x": -9145571.823164647,
    "y": 3270641.702753923
  },
  "r192_end": {
    "x": -9186514.343246257,
    "y": 3204431.747611034
  },
  "r1867_end": {
    "x": -9171868.220263772,
    "y": 3270748.293965393
  },
  "r1412_start": {
    "x": -9144481.32550934,
    "y": 3204436.856539854
  },
  "r473_end": {
    "x": -9171049.953423439,
    "y": 3204456.202092835
  },
  "r122_end": {
    "x": -9134251.212868344,
    "y": 3211799.8944857544
  },
  "r989_end": {
    "x": -9134349.058191476,
    "y": 3239795.7538639135
  },
  "r991_end": {
    "x": -9134423.471462065,
    "y": 3253561.4523979235
  },
  "r1802_start": {
    "x": -9178577.487120481,
    "y": 3204386.657150316
  },
  "r258_end": {
    "x": -9178738.538626894,
    "y": 3204387.7431719066
  }
}